# SQL Manager 2005 Lite for MySQL 3.7.0.1
# ---------------------------------------
# Host     : localhost
# Port     : 3306
# Database : tdc_dw


SET FOREIGN_KEY_CHECKS=0;

DROP DATABASE IF EXISTS `tdc_dw`;

CREATE DATABASE `tdc_dw`
    CHARACTER SET 'latin1'
    COLLATE 'latin1_spanish_ci';

USE `tdc_dw`;

#
# Structure for the `antiguedad` table : 
#

DROP TABLE IF EXISTS `antiguedad`;

CREATE TABLE `antiguedad` (
  `cod_antiguedad` int(11) NOT NULL AUTO_INCREMENT,
  `anios` int(11) DEFAULT NULL,
  PRIMARY KEY (`cod_antiguedad`)
) ENGINE=InnoDB AUTO_INCREMENT=5 DEFAULT CHARSET=latin1 COLLATE=latin1_spanish_ci;

#
# Data for the `antiguedad` table  (LIMIT 0,500)
#

INSERT INTO `antiguedad` (`cod_antiguedad`, `anios`) VALUES 
  (1,7),
  (2,8),
  (3,9),
  (4,10);

COMMIT;

#
# Structure for the `clientes` table : 
#

DROP TABLE IF EXISTS `clientes`;

CREATE TABLE `clientes` (
  `cod_cliente` int(11) NOT NULL,
  `nombre` varchar(150) COLLATE latin1_spanish_ci DEFAULT NULL,
  `cod_zona` int(11) DEFAULT NULL,
  PRIMARY KEY (`cod_cliente`)
) ENGINE=InnoDB DEFAULT CHARSET=latin1 COLLATE=latin1_spanish_ci;

#
# Data for the `clientes` table  (LIMIT 0,500)
#

INSERT INTO `clientes` (`cod_cliente`, `nombre`, `cod_zona`) VALUES 
  (1001,'Nowmer, Sheri',NULL),
  (1002,'Whelply, Derrick',NULL),
  (1003,'Derry, Jeanne',NULL),
  (1004,'Spence, Michael',NULL),
  (1005,'Gutierrez, Maya',NULL),
  (1006,'Damstra, Robert',NULL),
  (1007,'Kanagaki, Rebecca',NULL),
  (1008,'Brunner, Kim',NULL),
  (1009,'Blumberg, Brenda',NULL),
  (1010,'Stanz, Darren',NULL),
  (1011,'Murraiin, Jonathan',NULL),
  (1012,'Creek, Jewel',NULL),
  (1013,'Medina, Peggy',NULL),
  (1014,'Rutledge, Bryan',NULL),
  (1015,'Cavestany, Walter',NULL),
  (1016,'Planck, Peggy',NULL),
  (1017,'Marshall, Brenda',NULL),
  (1018,'Wolter, Daniel',NULL),
  (1019,'Collins, Dianne',NULL),
  (1020,'Baker, Beverly',NULL),
  (1021,'Castillo, Pedro',NULL),
  (1022,'Borges, Laurie',NULL),
  (1023,'Wyro, Shauna',NULL),
  (1024,'Wyllie, Jacqueline',NULL),
  (1025,'Conley, Lin',NULL),
  (1026,'Bernard, Jose',NULL),
  (1027,'Macaluso, Charles',NULL),
  (1028,'Wood, Lois',NULL),
  (1029,'Armstrong, Kevin',NULL),
  (1030,'Goldey, Cody',NULL),
  (1031,'Nickell, Paula',NULL),
  (1032,'Long, Eric',NULL),
  (1033,'Solimena, Mary',NULL),
  (1034,'Muenich, Nathan',NULL),
  (1035,'Young, Ed',NULL),
  (1036,'Arnold, Donna',NULL),
  (1037,'Cooper, Jennifer',NULL),
  (1038,'Petty, Peggy',NULL),
  (1039,'Olguin, Jessica',NULL),
  (1040,'Burchett, Phyllis',NULL),
  (1041,'Bechard, Howard',NULL),
  (1042,'Carter, Doris',NULL),
  (1043,'Sharp, Juanita',NULL),
  (1044,'Brunner, Sandra',NULL),
  (1045,'Staton, Ernest',NULL),
  (1046,'Sims, Rose',NULL),
  (1047,'De Carlo, Lauretta',NULL),
  (1048,'Williams, Mary',NULL),
  (1049,'Burke, Terri',NULL),
  (1050,'Osborn, Audrey',NULL),
  (1051,'Binai, Brian',NULL),
  (1052,'Lozada, Concepcion',NULL),
  (1053,'Tays, Paul',NULL),
  (1054,'Thorton, Cheryl',NULL),
  (1055,'Dumin, Gary',NULL),
  (1056,'Chin, Pat',NULL),
  (1057,'Lovell, Zach',NULL),
  (1058,'Ratcliff, Dave',NULL),
  (1059,'Moss, Elizabeth',NULL),
  (1060,'Anderson, Lori',NULL),
  (1061,'Everson, Michael',NULL),
  (1062,'Borden, Mary',NULL),
  (1063,'Willson, Sue',NULL),
  (1064,'Harris, Clayton',NULL),
  (1065,'Contreras, Whitney',NULL),
  (1066,'Pusedu, Boyd',NULL),
  (1067,'Stedman, Cian',NULL),
  (1068,'Zocchi, Michele',NULL),
  (1069,'Walsh, Jean',NULL),
  (1070,'Renfro, Leopoldo',NULL),
  (1071,'Brockett, Donna',NULL),
  (1072,'Anderson, Laurie',NULL),
  (1073,'Gomez, Louis',NULL),
  (1074,'Walker, Julie',NULL),
  (1075,'Jones, Jay',NULL),
  (1076,'Winfrey, Gayle',NULL),
  (1077,'Brown, Yasmina',NULL),
  (1078,'Touchstone, Joseph',NULL),
  (1079,'Bakhtyari, Mary',NULL),
  (1080,'Glass, Melvin',NULL),
  (1081,'Cohen, Kristin',NULL),
  (1082,'Kharman, Susan',NULL),
  (1083,'Kirschner, Gordon',NULL),
  (1084,'Burger, William',NULL),
  (1085,'Blau, Lana',NULL),
  (1086,'Derby, Donna',NULL),
  (1087,'Thomson, Kathleen',NULL),
  (1088,'Walton, Gabriel',NULL),
  (1089,'Meastas, Bishop',NULL),
  (1090,'Kouba, Geneva',NULL),
  (1091,'Clark, Tricia',NULL),
  (1092,'Munn, Debi',NULL),
  (1093,'Goldberg, Patricia',NULL),
  (1094,'Magenheim, Susan',NULL),
  (1095,'Hance, Nancy',NULL),
  (1096,'Mehlert, Rhonda',NULL),
  (1097,'Duran, Paula',NULL),
  (1098,'Earley, Margaret',NULL),
  (1099,'Horne, Elizabeth',NULL),
  (1100,'Hunt, Mary',NULL),
  (1101,'Allen, Libby',NULL),
  (1102,'Bruno, Bonnie',NULL),
  (1103,'Bowers, Angela',NULL),
  (1104,'Gonzales, Donald',NULL),
  (1105,'Valdez, Sylvester',NULL),
  (1106,'Stewart, John',NULL),
  (1107,'Velasquez, Barney',NULL),
  (1108,'Dubois, Kenneth',NULL),
  (1109,'Maestas, Kate',NULL),
  (1110,'Underwood, Josie',NULL),
  (1111,'Strain, Ramon',NULL),
  (1112,'Azari, Pat',NULL),
  (1113,'Dabit, Bob',NULL),
  (1114,'Carmona, Marty',NULL),
  (1115,'Saxton, Gina',NULL),
  (1116,'McLaughlin, Juan',NULL),
  (1117,'Eyster, Carol',NULL),
  (1118,'Henry, Nancy',NULL),
  (1119,'Barros, Chris',NULL),
  (1120,'Groome, Christopher',NULL),
  (1121,'Hill, Anna',NULL),
  (1122,'Williams, Ramon',NULL),
  (1123,'Masters, Scott',NULL),
  (1124,'Brady, Jr., Joseph',NULL),
  (1125,'Gray, Ellen',NULL),
  (1126,'Fielder, Henry',NULL),
  (1127,'Finnell, Jeanine',NULL),
  (1128,'Schuetz, Ian',NULL),
  (1129,'Runyon, Richard',NULL),
  (1130,'Potter, Linda',NULL),
  (1131,'Smith, Mary',NULL),
  (1132,'Brumagen, Barbara',NULL),
  (1133,'Hamilton, Thelma',NULL),
  (1134,'J Wilbert, Shirley',NULL),
  (1135,'Ingram, Jeremy',NULL),
  (1136,'Haddix, Sharon',NULL),
  (1137,'Thomas, Leland',NULL),
  (1138,'Wilson, Don',NULL),
  (1139,'Stovall, Wayne',NULL),
  (1140,'Russell, Douglas',NULL),
  (1141,'Doose, Maureen',NULL),
  (1142,'Morreale, Ann',NULL),
  (1143,'Rupert, Sheila',NULL),
  (1144,'Pierson, Ashley',NULL),
  (1145,'Nickels, Ivan',NULL),
  (1146,'Neuhauser, Chad',NULL),
  (1147,'Coke, Ann',NULL),
  (1148,'Scarbrough, Jon',NULL),
  (1149,'Martensen, Lillian',NULL),
  (1150,'McCormick, Mary',NULL),
  (1151,'Sparacino, James',NULL),
  (1152,'Racette, John',NULL),
  (1153,'Thompson, Edwardo',NULL),
  (1154,'Warren, Sam',NULL),
  (1155,'Chow-Wang, Shelby',NULL),
  (1156,'Wood, Nelly',NULL),
  (1157,'Morgan, Jackie',NULL),
  (1158,'Boje, Gavin',NULL),
  (1159,'Tsujimoto, Marlene',NULL),
  (1160,'Bouton, RitaIva',NULL),
  (1161,'Gras, Dell',NULL),
  (1162,'Solano, Christopher',NULL),
  (1163,'Armstrong, George',NULL),
  (1164,'Aldred, Kristine',NULL),
  (1165,'Jorgenson, Tom',NULL),
  (1166,'Turner, Dana',NULL),
  (1167,'Zakerski, Terry',NULL),
  (1168,'Carlson, David',NULL),
  (1169,'Symons, Linda',NULL),
  (1170,'Reynolds, Louis',NULL),
  (1171,'Ibsen, Maureen',NULL),
  (1172,'Ciochon, Virginia',NULL),
  (1173,'Berger, Steve',NULL),
  (1174,'Bayol, James',NULL),
  (1175,'Thumann, Meredith',NULL),
  (1176,'Jones, Julie',NULL),
  (1177,'Bury, Janet',NULL),
  (1178,'Bevan, Onita',NULL),
  (1179,'Monarco, Mary',NULL),
  (1180,'Zingarelli, Vicky',NULL),
  (1181,'Valentine, Helen',NULL),
  (1182,'Scheulen, Carol',NULL),
  (1183,'Koon, Virgie',NULL),
  (1184,'Amole, Sarah',NULL),
  (1185,'Hill, Cecil',NULL),
  (1186,'Tate, Ruth',NULL),
  (1187,'Schnurr, Larry',NULL),
  (1188,'Sutton, Jerry',NULL),
  (1189,'Mlincek, Kevin',NULL),
  (1190,'Tucker, Edward',NULL),
  (1191,'Forham, Kenton',NULL),
  (1192,'Malik, Brittany',NULL),
  (1193,'Eldridge, Jeannette',NULL),
  (1194,'Anderson, Terry',NULL),
  (1195,'Sosa, Loni',NULL),
  (1196,'Mann, Marie',NULL),
  (1197,'Prater, Michael',NULL),
  (1198,'Ansaldo, Karen',NULL),
  (1199,'Caijem, Lance',NULL),
  (1200,'Yates, Pamela',NULL),
  (1201,'Turner, Iwona',NULL),
  (1202,'Fulcher, Mary',NULL),
  (1203,'Berg, Raymond',NULL),
  (1204,'Lopez, Ramona',NULL),
  (1205,'Valdivia, Helen',NULL),
  (1206,'Cardoza, Beverly',NULL),
  (1207,'Hall, Mary',NULL),
  (1208,'Minarick, Rachel',NULL),
  (1209,'Los Olmos, Dorine',NULL),
  (1210,'Garner, Dave',NULL),
  (1211,'Leong, Lois',NULL),
  (1212,'Tate, Larasa',NULL),
  (1213,'Watson, David',NULL),
  (1214,'Frank, James',NULL),
  (1215,'Wood, Alfredo',NULL),
  (1216,'Baird, Dorothy',NULL),
  (1217,'Jans, George',NULL),
  (1218,'Garrison, Bernadine',NULL),
  (1219,'Zeller, Sam',NULL),
  (1220,'Ace, Dorothy',NULL),
  (1221,'Trujillo, Adria',NULL),
  (1222,'McCown, Bunny',NULL),
  (1223,'Miller, Nancy',NULL),
  (1224,'Hollar, Wanda',NULL),
  (1225,'Wallin, Barbara',NULL),
  (1226,'Bruha, Michael',NULL),
  (1227,'Suggs, Michael',NULL),
  (1228,'Turner, Kenneth',NULL),
  (1229,'Griffin, Lois',NULL),
  (1230,'Guardamondo, Robert',NULL),
  (1231,'West, Bryan',NULL),
  (1232,'Welsh, Vicki',NULL),
  (1233,'McCollum, Harvey',NULL),
  (1234,'Cramer, Mary',NULL),
  (1235,'Fike, Linda',NULL),
  (1236,'Adair, Sam',NULL),
  (1237,'Kolosso, Jerry',NULL),
  (1238,'Carpenter, Todd',NULL),
  (1239,'Watkins, Lisa',NULL),
  (1240,'Barrera, Kevin',NULL),
  (1241,'Price, Maria',NULL),
  (1242,'Rosemont, Flossie',NULL),
  (1243,'McMenama, Betty',NULL),
  (1244,'Lyons, Max',NULL),
  (1245,'Sandy Kurtz, Christine',NULL),
  (1246,'Santry, Rita',NULL),
  (1247,'Quigle, Catherine',NULL),
  (1248,'Christensen, Patricia',NULL),
  (1249,'Mercurio, Anne',NULL),
  (1250,'McGrath, Louis',NULL),
  (1251,'Wright, Rachael',NULL),
  (1252,'Skuce, Richard',NULL),
  (1253,'Coleman, George',NULL),
  (1254,'Barnes, Lois',NULL),
  (1255,'Camille, Jacky',NULL),
  (1256,'Allenbach, Michelle',NULL),
  (1257,'Smith, Franklin',NULL),
  (1258,'Minker, John',NULL),
  (1259,'Jimenez, Sarah',NULL),
  (1260,'Malaby, Darwin',NULL),
  (1261,'Caldwell, Pamela',NULL),
  (1262,'Tinder, Roger',NULL),
  (1263,'Kropff, Joseph',NULL),
  (1264,'Worsham, Mimi',NULL),
  (1265,'Bernal, Ruth',NULL),
  (1266,'Zimmerman, Yolanda',NULL),
  (1267,'Evans, Sandra',NULL),
  (1268,'Bowman, Virginia',NULL),
  (1269,'Coleman, Mary',NULL),
  (1270,'Chrisulis, Kevin',NULL),
  (1271,'Whitcomb, Lee',NULL),
  (1272,'Turcios, Brian',NULL),
  (1273,'Confetti, Jennifer',NULL),
  (1274,'Takemura, Geneva',NULL),
  (1275,'Campbell, Lynn',NULL),
  (1276,'Smith, Nina',NULL),
  (1277,'Vuong, Darrell',NULL),
  (1278,'Abbott, Eric',NULL),
  (1279,'Liff, Doris',NULL),
  (1280,'Steinberg, John',NULL),
  (1281,'Megel, Jerry',NULL),
  (1282,'Styles, John',NULL),
  (1283,'Head, Shirley',NULL),
  (1284,'Story, James',NULL),
  (1285,'Boone, Jean',NULL),
  (1286,'Mccoy, Ralph',NULL),
  (1287,'Tuck, Anne',NULL),
  (1288,'Sincich, Joy',NULL),
  (1289,'Jameson, Bertha',NULL),
  (1290,'Sanchez, Charles',NULL),
  (1291,'Parks, Wanda',NULL),
  (1292,'Vij, Nathan',NULL),
  (1293,'Zugschwert, Corinne',NULL),
  (1294,'Adams, Michelle',NULL),
  (1295,'Steen, Donahue',NULL),
  (1296,'Baker, John',NULL),
  (1297,'Pearl, Keith',NULL),
  (1298,'Roundtree, Sarah',NULL),
  (1299,'Bollin, Lawrence',NULL),
  (1300,'Hopkins, Fred',NULL),
  (1301,'Vicknair, Caroline',NULL),
  (1302,'McPhearson, Nancy',NULL),
  (1303,'Albright, Anna',NULL),
  (1304,'Thomas, Phyllis',NULL),
  (1305,'Perko, Tina',NULL),
  (1306,'McCarty, Jane',NULL),
  (1307,'Bent, Scot',NULL),
  (1308,'Chambers, Pat',NULL),
  (1309,'Bellifa, Stanley',NULL),
  (1310,'Johnson, Samuel',NULL),
  (1311,'Vrins, Janice',NULL),
  (1312,'Mcdonald, Christinia',NULL),
  (1313,'Weldon, Ole',NULL),
  (1314,'Choin, Ruth',NULL),
  (1315,'Crow, Sharon',NULL),
  (1316,'Avalos, Robert',NULL),
  (1317,'Jacobsen, Eric',NULL),
  (1318,'Castro, Pamela',NULL),
  (1319,'Caldwell, Sylvia',NULL),
  (1320,'Reed, Russell',NULL),
  (1321,'Kelley, Victor',NULL),
  (1322,'Taylor, Damon',NULL),
  (1323,'Robinson, Rebecca',NULL),
  (1324,'Thomsen, Andrea',NULL),
  (1325,'Baldwin, Douglas',NULL),
  (1326,'Yuhasz, Ian',NULL),
  (1327,'Carmody, Jovita',NULL),
  (1328,'Gonzales, Lynn',NULL),
  (1329,'Allen, Phyllis',NULL),
  (1330,'Caprio, Johnny',NULL),
  (1331,'Slaven, Lanna',NULL),
  (1332,'Ortiz, Fred',NULL),
  (1333,'Beaver, John',NULL),
  (1334,'Rhodes, Albert',NULL),
  (1335,'Kaffer, Scott',NULL),
  (1336,'Bales, Jennifer',NULL),
  (1337,'Stotka, Louis',NULL),
  (1338,'Maynard, Sandra',NULL),
  (1339,'Tuell, Gracia',NULL),
  (1340,'Burnett, Timothy',NULL),
  (1341,'Haugh, James',NULL),
  (1342,'Moberly, Paula',NULL),
  (1343,'Meyer, Eric',NULL),
  (1344,'Orona, Gloria',NULL),
  (1345,'Warmack, Ruth',NULL),
  (1346,'Wall, Joanna',NULL),
  (1347,'Appelbaum, Sabria',NULL),
  (1348,'Kung, Jeffrey',NULL),
  (1349,'Wilson, Gloria',NULL),
  (1350,'Tuffield, Phyllis',NULL),
  (1351,'Ping, Patricia',NULL),
  (1352,'Shepard, David',NULL),
  (1353,'Bailey, James',NULL),
  (1354,'Chestnut, Susan',NULL),
  (1355,'Toone, Delia',NULL),
  (1356,'Armstrong, Thomas',NULL),
  (1357,'Billstrom, Mary',NULL),
  (1358,'Stotka, Robert',NULL),
  (1359,'Johnson, Danielle',NULL),
  (2001,'Son, Alma',NULL),
  (2002,'Brandon, Cornelius',NULL),
  (2003,'Quintana, Monica',NULL),
  (2004,'Colon, John',NULL),
  (2005,'Barlow, Brenda',NULL),
  (2006,'Adina, Ronald',NULL),
  (2007,'Bohling, Michael',NULL),
  (2008,'Wheeler, Sam',NULL),
  (2009,'Swearengin, Abraham',NULL),
  (2010,'Givens, David',NULL),
  (2011,'Beanston, Glenna',NULL),
  (2012,'Bruno, Dirk',NULL),
  (2013,'Berger, Alexander',NULL),
  (2014,'Sultan, Marcia',NULL),
  (2015,'Svoboda, Martin',NULL),
  (2016,'Tullao, Mary',NULL),
  (2017,'Hernandez, Irene',NULL),
  (2018,'Wilkie, Jay Saxema',NULL),
  (2019,'Lunt, Sean',NULL),
  (2020,'Fulton, Paul',NULL),
  (2021,'Dillon, Rudolph',NULL),
  (2022,'Miller, Matthew',NULL),
  (2023,'Stern, Vassar',NULL),
  (2024,'Suffin, Ruth',NULL),
  (2025,'Cleary, Kristine',NULL),
  (2026,'Homax, Jaunita',NULL),
  (2027,'Adams, Margaret',NULL),
  (2028,'Zubaty, Carla',NULL),
  (2029,'Khan, Tammy',NULL),
  (2030,'Brinkd, David',NULL),
  (2031,'Clark, James',NULL),
  (2032,'Dennis, Helen',NULL),
  (2033,'Brumfield, Eric',NULL),
  (2034,'Sanchez, Madalena',NULL),
  (2035,'Suess, Gary',NULL),
  (2036,'Trach, Glenn',NULL),
  (2037,'White, Cynthia',NULL),
  (2038,'Brian, Walter',NULL),
  (2039,'Trujillo, Christie',NULL),
  (2040,'Alameda, Lili',NULL),
  (2041,'Fox, Dorothy',NULL),
  (2042,'Gallagher, Aldeen',NULL),
  (2043,'Myer, Dorothy',NULL),
  (2044,'Byrnes, David',NULL),
  (2045,'Ryan, Justine',NULL),
  (2046,'Chand, Forrest',NULL),
  (2047,'Vanderkamp, Margaret',NULL),
  (2048,'Carroll, Rosmarie',NULL),
  (2049,'Contreras, Dorothy',NULL),
  (2050,'Cantoni, Joseph',NULL),
  (2051,'Reed, Celine',NULL),
  (2052,'Peterson, Glin',NULL),
  (2053,'Osborn, Stephen',NULL),
  (2054,'Graham., Lowell',NULL),
  (2055,'Shaddy, Jamie',NULL),
  (2056,'Haemon, Hattie',NULL),
  (2057,'Krow, Jame',NULL),
  (2058,'Belli, Shane',NULL),
  (2059,'Porter, Ethel',NULL),
  (2060,'Lesko, Gloria',NULL),
  (2061,'Worland, Michael',NULL),
  (2062,'Torre, Alvin',NULL),
  (2063,'Ramos, Susan',NULL),
  (2064,'Christie, Jill',NULL),
  (2065,'Zocchi, Juanita',NULL),
  (2066,'Altamirano, Sandra',NULL),
  (2067,'Benson, Edna',NULL),
  (2068,'Deborde, Alexander',NULL),
  (2069,'Calone, Barbara',NULL),
  (2070,'Pompa, Cheryl',NULL),
  (2071,'Traube, Doris',NULL),
  (2072,'Sloan, Cathy',NULL),
  (2073,'Villa, Homer',NULL),
  (2074,'Herman, Deena',NULL),
  (2075,'Roberts, Leota',NULL),
  (2076,'Mc Clane, John',NULL),
  (2077,'Maxham, Jennifer',NULL),
  (2078,'Sullivan, Elizabeth',NULL),
  (2079,'Watada, Irene',NULL),
  (2080,'Rhiger, Constance',NULL),
  (2081,'Finley, Rhoda',NULL),
  (2082,'Winter, Kathleen',NULL),
  (2083,'Adams, Carla',NULL),
  (2084,'Tench, Vanessa',NULL),
  (2085,'Brink, Carol',NULL),
  (2086,'Reynolds, Adam',NULL),
  (2087,'Posner, Constance',NULL),
  (2088,'Hapke, William',NULL),
  (2089,'Huff, Joshua',NULL),
  (2090,'Brown, Carolee',NULL),
  (2091,'Giglio, Frances',NULL),
  (2092,'Sherwood, Irma',NULL),
  (2093,'Becker, Benjamin',NULL),
  (2094,'Tedford, Chad',NULL),
  (2095,'Roy, Luke',NULL),
  (2096,'Holloway, Jean',NULL),
  (2097,'Trau, Olga',NULL),
  (2098,'Carnes, Steve',NULL),
  (2099,'Potts, Betty',NULL),
  (2100,'Kozlowski, Edward',NULL),
  (2101,'Looney, Sharon',NULL),
  (2102,'Magenheimer, Patrick',NULL),
  (2103,'Hofsetz, Sue',NULL),
  (2104,'Gilliat, Janet',NULL),
  (2105,'Wojcik, Charlene',NULL),
  (2106,'Wolf, Eunice',NULL),
  (2107,'Whitworth, Kelly',NULL),
  (2108,'Thames, Judy',NULL),
  (2109,'Rusek, Pearlie',NULL),
  (2110,'Justice, Peggy',NULL),
  (2111,'Conner, William',NULL),
  (2112,'Bauer, Ciro',NULL),
  (2113,'Collins, Takiko',NULL),
  (2114,'Smith, Leonard',NULL),
  (2115,'Yasi, Lenore',NULL),
  (2116,'Bowman, Lester',NULL),
  (2117,'Germanson, Barbara',NULL),
  (2118,'Smith, Mary',NULL),
  (2119,'Serventi, Alice',NULL),
  (2120,'Chapla, Lee',NULL),
  (2121,'Cameron, DeeDee',NULL),
  (2122,'Zgeirmann, Jo',NULL),
  (2123,'Mondragon, William',NULL),
  (2124,'Allison, Cecil',NULL),
  (2125,'Vargas, Nieves',NULL),
  (2126,'Vlass, Helen',NULL),
  (2127,'Gonzalez, Abigail',NULL),
  (2128,'Ison, Denean',NULL),
  (2129,'Trent, Billy',NULL),
  (2130,'Vaca, Mary',NULL),
  (2131,'Arbelaez, Kyley',NULL),
  (2132,'Lee, Michael',NULL),
  (2133,'Maes, Walter',NULL),
  (2134,'Antrim, Ramona',NULL),
  (2135,'Friedland, Liam',NULL),
  (2136,'Strange, Charles',NULL),
  (2137,'Richter, William',NULL),
  (2138,'Amland, Maxwell',NULL),
  (2139,'Albury, Z . T. Milton',NULL),
  (2140,'Richmeier, Marie',NULL),
  (2141,'Jacobson, Jodan',NULL);

COMMIT;

#
# Data for the `clientes` table  (LIMIT 500,500)
#

INSERT INTO `clientes` (`cod_cliente`, `nombre`, `cod_zona`) VALUES 
  (2142,'Bartness, David',NULL),
  (2143,'Cobb, Teanna',NULL),
  (2144,'Lique, M. E. Joseph',NULL),
  (2145,'Bernacchi, Robert',NULL),
  (2146,'Zubaty, Patricia',NULL),
  (2147,'Hunter, Matthew',NULL),
  (2148,'Vonholt, Florence',NULL),
  (2149,'Holmes, Eddie',NULL),
  (2150,'Drury, Gerald',NULL),
  (2151,'Watts, Kristin',NULL),
  (2152,'Short, Carlos',NULL),
  (2153,'Mc Guigan, Robin',NULL),
  (2154,'Wollesen, Dorothy',NULL),
  (2155,'Lee, Marjorie',NULL),
  (2156,'Gimmi, Mary',NULL),
  (2157,'Pugh, Milton',NULL),
  (2158,'Bennetts, John',NULL),
  (2159,'Woodard, Caroline',NULL),
  (2160,'Manzanares, Tomas',NULL),
  (2161,'Stotler, Kayla',NULL),
  (2162,'Peoples, Elizabeth',NULL),
  (2163,'Choi, Mike',NULL),
  (2164,'Quintana, Mary Lou',NULL),
  (2165,'Bright, Christopher',NULL),
  (2166,'Rodgers, Scott',NULL),
  (2167,'Gates, Janet',NULL),
  (2168,'Watkins, Darren',NULL),
  (2169,'Christensen, Charles',NULL),
  (2170,'Banks, Darrell',NULL),
  (2171,'Carlisle, Carlton',NULL),
  (2172,'Tramel, Abe',NULL),
  (2173,'Curry, Jose',NULL),
  (2174,'Haines, Betty',NULL),
  (2175,'Campbell, Deborah',NULL),
  (2176,'Whitney, Catherine',NULL),
  (2177,'Mitchell, Neva',NULL),
  (2178,'Dodd, Cindy',NULL),
  (2179,'Cereghino, Stacey',NULL),
  (2180,'Meyer, Helen',NULL),
  (2181,'Stevens, Olga',NULL),
  (2182,'Campbell, Joan',NULL),
  (2183,'Walker, Silvia',NULL),
  (2184,'Pasumansky, Mosha',NULL),
  (2185,'Whitney, Shawn',NULL),
  (2186,'Saunders, Lloyd',NULL),
  (2187,'Vandenouer, Rose',NULL),
  (2188,'Vincenzi, Eric',NULL),
  (2189,'Herring, Cheryl',NULL),
  (2190,'Garza, Kathleen',NULL),
  (2191,'Westover, Gail',NULL),
  (2192,'Hagemann, Matthew',NULL),
  (2193,'Vasquez, Patricia',NULL),
  (2194,'McCarthy, Lola',NULL),
  (2195,'Bacalzo, Phillip',NULL),
  (2196,'Berch, Marian',NULL),
  (2197,'Taylor, Mike',NULL),
  (2198,'Whipple, Vivian',NULL),
  (2199,'Laursen, Cecilia',NULL),
  (2200,'Olguin, Lee',NULL),
  (2201,'Ayers, Stephen',NULL),
  (2202,'Kotc, Pamala',NULL),
  (2203,'Coriell, Marlin',NULL),
  (2204,'Warthen, Clay',NULL),
  (2205,'Johnson, Greg',NULL),
  (2206,'Huckaby, George',NULL),
  (2207,'Gustafson, Faith',NULL),
  (2208,'Thompson, Donald',NULL),
  (2209,'Hendricks, Valentina',NULL),
  (2210,'Black, Mae',NULL),
  (2211,'Vansant, Carlos',NULL),
  (2212,'Bentley, Richard',NULL),
  (2213,'Ritacco, Thomas',NULL),
  (2214,'Theisen, Karen',NULL),
  (2215,'Berger, John',NULL),
  (2216,'Koski, Joy',NULL),
  (2217,'Fitzgerald, Duane',NULL),
  (2218,'Camacho, Lindsey',NULL),
  (2219,'Alvarado, Selena',NULL),
  (2220,'Brummer, Dick',NULL),
  (2221,'Pinkston, Pat',NULL),
  (2222,'Spivey, Kristin',NULL),
  (2223,'Whiting, Gregory',NULL),
  (2224,'Espinoza, Martha',NULL),
  (2225,'Robinett, David',NULL),
  (2226,'Lundahl, Judy',NULL),
  (2227,'Demicell, Shawn',NULL),
  (2228,'Rousey, Linda',NULL),
  (2229,'Marcovecchio, Kathy',NULL),
  (2230,'Evans, Twanna',NULL),
  (2231,'Storjohann, Judy',NULL),
  (2232,'Maccietto, Denise',NULL),
  (2233,'Buskirk, Deanna',NULL),
  (2234,'Kesslep, Mary',NULL),
  (2235,'Schultz, Barbara',NULL),
  (2236,'Bergin, Kris',NULL),
  (2237,'Steel, Merrill',NULL),
  (2238,'Marple, Melissa',NULL),
  (2239,'Evans, Ann',NULL),
  (2240,'Bruner, Shirley',NULL),
  (2241,'Troyer, Michael John',NULL),
  (2242,'Sandidge, Mary',NULL),
  (2243,'Skonnard, Monk',NULL),
  (2244,'Beck, Christopher',NULL),
  (2245,'Abel, Catherine',NULL),
  (2246,'Miller, Emilo',NULL),
  (2247,'Walker, Hazel',NULL),
  (2248,'Brooks, John',NULL),
  (2249,'Logan, Todd',NULL),
  (2250,'Several, Joshua',NULL),
  (2251,'Thomas, James',NULL),
  (2252,'Vessa, Robert',NULL),
  (2253,'Tran, James',NULL),
  (2254,'Crow, Shelley',NULL),
  (2255,'Sims, Anne',NULL),
  (2256,'Tatman, Clarence',NULL),
  (2257,'Nelsen, Jan',NULL),
  (2258,'Cole, Jeanette',NULL),
  (2259,'Huntsman, Phyllis',NULL),
  (2260,'Arakawa, Hannah',NULL),
  (2261,'Steuber, Wathalee',NULL),
  (2262,'Cox, Pamela',NULL),
  (2263,'Jacobs, Bronson',NULL),
  (2264,'Barley, Rebecca',NULL),
  (2265,'Alvaro, Emilio',NULL),
  (2266,'Waters, Becky',NULL),
  (2267,'Jarvis, A. Joyce',NULL),
  (2268,'Styles, Ruby Sue',NULL),
  (2269,'Glenn, Jeanie',NULL),
  (2270,'Smith, Peggy',NULL),
  (2271,'Duff, Tish',NULL),
  (2272,'Lucero, Anita',NULL),
  (2273,'Burton, Stephen',NULL),
  (2274,'Consentino, Amy',NULL),
  (2275,'Lutes, Helen',NULL),
  (2276,'Ecoffey, Linda',NULL),
  (2277,'Swint, Katherine',NULL),
  (2278,'Slattengren, Dianne',NULL),
  (2279,'Heymsfield, Ronald',NULL),
  (2280,'Whitehead, Steven',NULL),
  (2281,'Roy, Lisa',NULL),
  (2282,'Burkhardt, Ingrid',NULL),
  (2283,'Whitney, Todd',NULL),
  (2284,'Wisnewski, Barbara',NULL),
  (2285,'Burkhardt, Karren',NULL),
  (2286,'Mcanich, Stacie',NULL),
  (2287,'Browning, Mary',NULL),
  (2288,'Wellington, Alexandra',NULL),
  (2289,'Bacugalupi, Cory',NULL),
  (2290,'Rizzi, Stacy',NULL),
  (2291,'Sotelo, William',NULL),
  (2292,'Stanley, Beth',NULL),
  (2293,'Markwood, Jill',NULL),
  (2294,'Valentine, Mildred',NULL),
  (2295,'Reams, Suzann',NULL),
  (2296,'Long, John',NULL),
  (2297,'Olenzek, Edwin',NULL),
  (2298,'Valerio, Jessie',NULL),
  (2299,'Ahlering, Robert',NULL),
  (2300,'Burke, Megan',NULL),
  (2301,'Bates, Karel',NULL),
  (2302,'White, Mike',NULL),
  (2303,'Simpson, Marty',NULL),
  (2304,'Jones, Robert',NULL),
  (2305,'Casts, Raul',NULL),
  (2306,'Browqett, Bridget',NULL),
  (2307,'Kartz, Kay',NULL),
  (2308,'Wold, Audrey',NULL),
  (2309,'French, Susan',NULL),
  (2310,'Pederson, Trish',NULL),
  (2311,'Renn, Eric',NULL),
  (2312,'Catalano, Elizabeth',NULL),
  (2313,'Coleman, Eric',NULL),
  (2314,'Hurkett, Lawrence',NULL),
  (2315,'Pettengill, Sara',NULL),
  (2316,'Elson, Jauna',NULL),
  (2317,'Hirota, Nancy',NULL),
  (2318,'Blasingame, Linda',NULL),
  (2319,'Blackwell, Jackie',NULL),
  (2320,'Moya, Marie',NULL),
  (2321,'Chesnut, Nicky',NULL),
  (2322,'Ortiz, John',NULL),
  (2323,'Tearpak, Stacey',NULL),
  (2324,'Hall, Karen',NULL),
  (2325,'Narberes, Greg',NULL),
  (2326,'Weber, Fannye',NULL),
  (2327,'Kabbes, Diane',NULL);

COMMIT;

#
# Structure for the `edadempleado` table : 
#

DROP TABLE IF EXISTS `edadempleado`;

CREATE TABLE `edadempleado` (
  `cod_edad_empleado` int(11) NOT NULL AUTO_INCREMENT,
  `edad` int(11) NOT NULL,
  PRIMARY KEY (`cod_edad_empleado`)
) ENGINE=InnoDB AUTO_INCREMENT=40 DEFAULT CHARSET=latin1;

#
# Data for the `edadempleado` table  (LIMIT 0,500)
#

INSERT INTO `edadempleado` (`cod_edad_empleado`, `edad`) VALUES 
  (1,28),
  (2,29),
  (3,30),
  (4,31),
  (5,32),
  (6,33),
  (7,34),
  (8,35),
  (9,36),
  (10,37),
  (11,38),
  (12,39),
  (13,40),
  (14,41),
  (15,42),
  (16,43),
  (17,44),
  (18,45),
  (19,46),
  (20,47),
  (21,48),
  (22,49),
  (23,50),
  (24,51),
  (25,52),
  (26,53),
  (27,54),
  (28,55),
  (29,56),
  (30,57),
  (31,58),
  (32,59),
  (33,60),
  (34,61),
  (35,62),
  (36,63),
  (37,64),
  (38,65),
  (39,67);

COMMIT;

#
# Structure for the `edadesclientes` table : 
#

DROP TABLE IF EXISTS `edadesclientes`;

CREATE TABLE `edadesclientes` (
  `cod_edad_cliente` int(11) NOT NULL AUTO_INCREMENT,
  `edad` int(11) NOT NULL,
  `grupo` varchar(20) NOT NULL,
  PRIMARY KEY (`cod_edad_cliente`)
) ENGINE=InnoDB AUTO_INCREMENT=48 DEFAULT CHARSET=latin1;

#
# Data for the `edadesclientes` table  (LIMIT 0,500)
#

INSERT INTO `edadesclientes` (`cod_edad_cliente`, `edad`, `grupo`) VALUES 
  (1,28,'Adulto'),
  (2,29,'Adulto'),
  (3,31,'Adulto'),
  (4,32,'Adulto'),
  (5,33,'Adulto'),
  (6,34,'Adulto'),
  (7,35,'Adulto'),
  (8,36,'Adulto'),
  (9,37,'Adulto'),
  (10,38,'Adulto'),
  (11,39,'Adulto'),
  (12,40,'Adulto Medio'),
  (13,41,'Adulto Medio'),
  (14,42,'Adulto Medio'),
  (15,43,'Adulto Medio'),
  (16,44,'Adulto Medio'),
  (17,45,'Adulto Medio'),
  (18,46,'Adulto Medio'),
  (19,47,'Adulto Medio'),
  (20,48,'Adulto Medio'),
  (21,49,'Adulto Medio'),
  (22,50,'Adulto mayor'),
  (23,51,'Adulto mayor'),
  (24,52,'Adulto mayor'),
  (25,53,'Adulto mayor'),
  (26,54,'Adulto mayor'),
  (27,55,'Adulto mayor'),
  (28,56,'Adulto mayor'),
  (29,57,'Adulto mayor'),
  (30,58,'Adulto mayor'),
  (31,59,'Adulto mayor'),
  (32,60,'Adulto mayor'),
  (33,61,'Adulto mayor'),
  (34,62,'Adulto mayor'),
  (35,63,'Adulto mayor'),
  (36,64,'Adulto mayor'),
  (37,65,'Adulto mayor'),
  (38,66,'Adulto mayor'),
  (39,67,'Adulto mayor'),
  (40,68,'Adulto mayor'),
  (41,69,'Adulto mayor'),
  (42,70,'Adulto mayor'),
  (43,71,'Adulto mayor'),
  (44,72,'Adulto mayor'),
  (45,76,'Adulto mayor'),
  (46,77,'Adulto mayor'),
  (47,211,'Adulto mayor');

COMMIT;

#
# Structure for the `empleado` table : 
#

DROP TABLE IF EXISTS `empleado`;

CREATE TABLE `empleado` (
  `cod_empleado` int(11) NOT NULL,
  `nombre` varchar(150) NOT NULL,
  `sexo` varchar(20) NOT NULL,
  PRIMARY KEY (`cod_empleado`)
) ENGINE=InnoDB DEFAULT CHARSET=latin1;

#
# Data for the `empleado` table  (LIMIT 0,500)
#

INSERT INTO `empleado` (`cod_empleado`, `nombre`, `sexo`) VALUES 
  (1,'Nowmer, Sheri','F'),
  (2,'Whelply, Derrick','M'),
  (3,'Spence, Michael','M'),
  (4,'Gutierrez, Maya','F'),
  (5,'Damstra, Roberta','F'),
  (6,'Kanagaki, Rebecca','F'),
  (7,'Brunner, Kim','F'),
  (8,'Blumberg, Brenda','F'),
  (9,'Stanz, Darren','M'),
  (10,'Murraiin, Jonathan','M'),
  (11,'Creek, Jewel','F'),
  (12,'Medina, Peggy','F'),
  (13,'Rutledge, Bryan','M'),
  (14,'Cavestany, Walter','M'),
  (15,'Planck, Peggy','F'),
  (16,'Marshall, Brenda','F'),
  (17,'Wolter, Daniel','M'),
  (18,'Collins, Dianne','F'),
  (19,'Baker, Beverly','F'),
  (20,'Castillo, Pedro','M'),
  (21,'Borges, Laurie','F'),
  (22,'Wyro, Shauna','F'),
  (23,'Wyllie, Jacqueline','F'),
  (24,'Conley, Lin','F'),
  (25,'Bernard, Jose','M'),
  (26,'Macaluso, Charles','M'),
  (27,'Wood, Lois','F'),
  (28,'Armstrong, Kevin','M'),
  (29,'Goldey, Cody','M'),
  (30,'Nickell, Paula','F'),
  (31,'Long, Eric','M'),
  (32,'Solimena, Mary','F'),
  (33,'Muenich, Nathan','M'),
  (34,'Young, Ed','M'),
  (35,'Arnold, Donna','F'),
  (36,'Cooper, Jennifer','F'),
  (37,'Petty, Peggy','F'),
  (38,'Olguin, Jessica','F'),
  (39,'Burchett, Phyllis','F'),
  (40,'Bechard, Howard','M'),
  (41,'Carter, Doris','F'),
  (42,'Sharp, Juanita','F'),
  (43,'Brunner, Sandra','F'),
  (44,'Staton, Ernest','M'),
  (45,'Sims, Rose','F'),
  (46,'De Carlo, Lauretta','F'),
  (47,'Williams, Mary','F'),
  (48,'Burke, Terri','F'),
  (49,'Osborn, Audrey','F'),
  (50,'Binai, Brian','M'),
  (51,'Lozada, Concepcion','F'),
  (52,'Tays, Paul','M'),
  (53,'Thorton, Cheryl','F'),
  (54,'Dumin, Gary','M'),
  (55,'Chin, Pat','F'),
  (56,'Lovell, Zach','M'),
  (57,'Ratcliff, Dave','M'),
  (58,'Moss, Elizabeth','F'),
  (59,'Anderson, Lori','F'),
  (60,'Everson, Michael','M'),
  (61,'Borden, Mary','F'),
  (62,'Willson, Sue','F'),
  (63,'Harris, Clayton','M'),
  (64,'Contreras, Whitney','F'),
  (65,'Pusedu, Boyd','M'),
  (66,'Stedman, Cian','F'),
  (67,'Zocchi, Michele','F'),
  (68,'Walsh, Jean','F'),
  (69,'Renfro, Leopoldo','M'),
  (70,'Brockett, Donna','F'),
  (71,'Anderson, Laurie','F'),
  (72,'Gomez, Louis','M'),
  (73,'Walker, Julie','F'),
  (74,'Jones, Jay','M'),
  (75,'Winfrey, Gayle','F'),
  (76,'Brown, Yasmina','F'),
  (77,'Touchstone, Joseph','M'),
  (78,'Bakhtyari, Mary','F'),
  (79,'Glass, Melvin','M'),
  (80,'Cohen, Kristin','F'),
  (81,'Kharman, Susan','F'),
  (82,'Kirschner, Gordon','M'),
  (83,'Burger, William','M'),
  (84,'Blau, Lana','F'),
  (85,'Derby, Donna','F'),
  (86,'Thomson, Kathleen','F'),
  (87,'Walton, Gabriel','F'),
  (88,'Meastas, Bishop','M'),
  (89,'Kouba, Geneva','F'),
  (90,'Clark, Tricia','F'),
  (91,'Munn, Debi','F'),
  (92,'Goldberg, Patricia','F'),
  (93,'Magenheim, Susan','F'),
  (94,'Hance, Nancy','F'),
  (95,'Mehlert, Rhonda','F'),
  (96,'Duran, Paula','F'),
  (97,'Earley, Margaret','F'),
  (98,'Horne, Elizabeth','F'),
  (99,'Hunt, Mary','F'),
  (100,'Allen, Libby','F'),
  (101,'Bruno, Bonnie','F'),
  (102,'Bowers, Angela','F'),
  (103,'Gonzales, Donald','M'),
  (104,'Valdez, Sylvester','M'),
  (105,'Stewart, John','M'),
  (106,'Velasquez, Barney','M'),
  (107,'Dubois, Kenneth','M'),
  (108,'Maestas, Kate','F'),
  (109,'Underwood, Josie','F'),
  (110,'Strain, Ramon','M'),
  (111,'Azari, Pat','F'),
  (112,'Dabit, Bob','M'),
  (113,'Carmona, Marty','M'),
  (114,'Saxton, Gina','F'),
  (115,'McLaughlin, Juan','M'),
  (116,'Eyster, Carol','F'),
  (117,'Henry, Nancy','F'),
  (118,'Barros, Chris','F'),
  (119,'Groome, Christopher','M'),
  (120,'Hill, Anna','F'),
  (121,'Williams, Ramon','M'),
  (122,'Masters, Scott','M'),
  (123,'Brady, Jr., Joseph','M'),
  (124,'Gray, Ellen','F'),
  (125,'Fielder, Henry','M'),
  (126,'Finnell, Jeanine','F'),
  (127,'Schuetz, Ian','M'),
  (128,'Runyon, Richard','M'),
  (129,'Potter, Linda','F'),
  (130,'Smith, Mary','F'),
  (131,'Brumagen, Barbara','F'),
  (132,'Hamilton, Thelma','F'),
  (133,'Wilbert, Shirley','F'),
  (134,'Ingram, Jeremy','M'),
  (135,'Haddix, Sharon','F'),
  (136,'Thomas, Leland','M'),
  (137,'Wilson, Don','M'),
  (138,'Stovall, Wayne','M'),
  (139,'Russell, Douglas','M'),
  (140,'Doose, Maureen','F'),
  (141,'Morreale, Ann','F'),
  (142,'Rupert, Sheila','F'),
  (143,'Pierson, Ashley','F'),
  (144,'Nickels, Ivan','M'),
  (145,'Neuhauser, Chad','M'),
  (146,'Coke, Ann','F'),
  (147,'Scarbrough, Jon','M'),
  (148,'Martensen, Lillian','F'),
  (149,'McCormick, Mary','F'),
  (150,'Sparacino, James','M'),
  (151,'Racette, John','M'),
  (152,'Thompson, Edwardo','M'),
  (153,'Warren, Sam','M'),
  (154,'Chow-Wang, Shelby','M'),
  (155,'Wood, Nelly','F'),
  (156,'Morgan, Jackie','F'),
  (157,'Boje, Gavin','M'),
  (158,'Tsujimoto, Marlene','F'),
  (159,'Bouton, RitaIva','F'),
  (160,'Gras, Dell','F'),
  (161,'Solano, Christopher','M'),
  (162,'Armstrong, George','M'),
  (163,'Aldred, Kristine','F'),
  (164,'Jorgenson, Tom','M'),
  (165,'Turner, Dana','F'),
  (166,'Zakerski, Terry','M'),
  (167,'Carlson, David','F'),
  (168,'Symons, Linda','F'),
  (169,'Reynolds, Louis','M'),
  (170,'Ibsen, Maureen','M'),
  (171,'Ciochon, Virginia','F'),
  (172,'Berger, Steve','F'),
  (173,'Bayol, James','F'),
  (174,'Thumann, Meredith','F'),
  (175,'Jones, Julie','M'),
  (176,'Bury, Janet','M'),
  (177,'Bevan, Onita','M'),
  (178,'Monarco, Mary','M'),
  (179,'Zingarelli, Vicky','F'),
  (180,'Valentine, Helen','F'),
  (181,'Scheulen, Carol','F'),
  (182,'Koon, Virgie','M'),
  (183,'Amole, Sarah','F'),
  (184,'Hill, Cecil','M'),
  (185,'Tate, Ruth','F'),
  (186,'Schnurr, Larry','M'),
  (187,'Sutton, Jerry','F'),
  (188,'Mlincek, Kevin','M'),
  (189,'Tucker, Edward','F'),
  (190,'Forham, Kenton','F'),
  (191,'Malik, Brittany','F'),
  (192,'Eldridge, Jeannette','M'),
  (193,'Anderson, Terry','F'),
  (194,'Sosa, Loni','F'),
  (195,'Mann, Marie','M'),
  (196,'Prater, Michael','F'),
  (197,'Ansaldo, Karen','F'),
  (198,'Caijem, Lance','M'),
  (199,'Yates, Pamela','F'),
  (200,'Turner, Iwona','F'),
  (201,'Fulcher, Mary','F'),
  (202,'Berg, Raymond','M'),
  (203,'Lopez, Ramona','M'),
  (204,'Valdivia, Helen','M'),
  (205,'Cardoza, Beverly','F'),
  (206,'Hall, Mary','M'),
  (207,'Minarick, Rachel','F'),
  (208,'Los Olmos, Dorine','M'),
  (209,'Garner, Dave','F'),
  (210,'Leong, Lois','M'),
  (211,'Tate, Larasa','M'),
  (212,'Watson, David','F'),
  (213,'Frank, James','M'),
  (214,'Wood, Alfredo','M'),
  (215,'Baird, Dorothy','F'),
  (216,'Jans, George','M'),
  (217,'Garrison, Bernadine','M'),
  (218,'Zeller, Sam','M'),
  (219,'Ace, Dorothy','F'),
  (220,'Trujillo, Adria','F'),
  (221,'McCown, Bunny','F'),
  (222,'Miller, Nancy','F'),
  (223,'Hollar, Wanda','F'),
  (224,'Wallin, Barbara','M'),
  (225,'Bruha, Michael','F'),
  (226,'Suggs, Michael','F'),
  (227,'Turner, Kenneth','F'),
  (228,'Griffin, Lois','F'),
  (229,'Guardamondo, Robert','M'),
  (230,'West, Bryan','F'),
  (231,'Welsh, Vicki','F'),
  (232,'McCollum, Harvey','M'),
  (233,'Cramer, Mary','M'),
  (234,'Fike, Linda','M'),
  (235,'Adair, Sam','M'),
  (236,'Kolosso, Jerry','M'),
  (237,'Carpenter, Todd','F'),
  (238,'Watkins, Lisa','M'),
  (239,'Barrera, Kevin','M'),
  (240,'Price, Maria','M'),
  (241,'Rosemont, Flossie','M'),
  (242,'McMenama, Betty','M'),
  (243,'Lyons, Max','F'),
  (244,'Sandy Kurtz, Christine','M'),
  (245,'Santry, Rita','M'),
  (246,'Quigle, Catherine','F'),
  (247,'Christensen, Patricia','M'),
  (248,'Mercurio, Anne','F'),
  (249,'McGrath, Louis','M'),
  (250,'Wright, Rachael','F'),
  (251,'Skuce, Richard','M'),
  (252,'Coleman, George','F'),
  (253,'Barnes, Lois','M'),
  (254,'Camille, Jacky','M'),
  (255,'Allenbach, Michelle','M'),
  (256,'Smith, Franklin','F'),
  (257,'Minker, John','M'),
  (258,'Jimenez, Sarah','M'),
  (259,'Malaby, Darwin','M'),
  (260,'Caldwell, Pamela','M'),
  (261,'Tinder, Roger','F'),
  (262,'Kropff, Joseph','F'),
  (263,'Worsham, Mimi','F'),
  (264,'Bernal, Ruth','F'),
  (265,'Zimmerman, Yolanda','M'),
  (266,'Evans, Sandra','F'),
  (267,'Bowman, Virginia','M'),
  (268,'Coleman, Mary','F'),
  (269,'Chrisulis, Kevin','M'),
  (270,'Whitcomb, Lee','M'),
  (271,'Turcios, Brian','F'),
  (272,'Confetti, Jennifer','F'),
  (273,'Takemura, Geneva','M'),
  (274,'Campbell, Lynn','F'),
  (275,'Smith, Nina','M'),
  (276,'Vuong, Darrell','M'),
  (277,'Abbott, Eric','F'),
  (278,'Liff, Doris','F'),
  (279,'Steinberg, John','F'),
  (280,'Megel, Jerry','F'),
  (281,'Styles, John','F'),
  (282,'Head, Shirley','M'),
  (283,'Story, James','F'),
  (284,'Boone, Jean','F'),
  (285,'Mccoy, Ralph','F'),
  (286,'Tuck, Anne','F'),
  (287,'Sincich, Joy','F'),
  (288,'Jameson, Bertha','F'),
  (289,'Sanchez, Charles','M'),
  (290,'Parks, Wanda','M'),
  (291,'Vij, Nathan','M'),
  (292,'Zugschwert, Corinne','M'),
  (293,'Adams, Michelle','F'),
  (294,'Steen, Donahue','M'),
  (295,'Baker, John','F'),
  (296,'Pearl, Keith','F'),
  (297,'Roundtree, Sarah','F'),
  (298,'Bollin, Lawrence','F'),
  (299,'Hopkins, Fred','M'),
  (300,'Vicknair, Caroline','F'),
  (301,'McPhearson, Nancy','F'),
  (302,'Albright, Anna','M'),
  (303,'Thomas, Phyllis','M'),
  (304,'Perko, Tina','F'),
  (305,'McCarty, Jane','M'),
  (306,'Bent, Scot','F'),
  (307,'Chambers, Pat','F'),
  (308,'Bellifa, Stanley','M'),
  (309,'Johnson, Samuel','F'),
  (310,'Vrins, Janice','M'),
  (311,'Mcdonald, Christinia','M'),
  (312,'Weldon, Ole','M'),
  (313,'Choin, Ruth','F'),
  (314,'Crow, Sharon','M'),
  (315,'Avalos, Robert','M'),
  (316,'Jacobsen, Eric','M'),
  (317,'Castro, Pamela','F'),
  (318,'Caldwell, Sylvia','F'),
  (319,'Reed, Russell','F'),
  (320,'Kelley, Victor','M'),
  (321,'Taylor, Damon','M'),
  (322,'Robinson, Rebecca','F'),
  (323,'Thomsen, Andrea','M'),
  (324,'Baldwin, Douglas','F'),
  (325,'Yuhasz, Ian','F'),
  (326,'Carmody, Jovita','F'),
  (327,'Gonzales, Lynn','M'),
  (328,'Allen, Phyllis','F'),
  (329,'Caprio, Johnny','F'),
  (330,'Slaven, Lanna','M'),
  (331,'Ortiz, Fred','M'),
  (332,'Beaver, John','F'),
  (333,'Rhodes, Albert','F'),
  (334,'Kaffer, Scott','F'),
  (335,'Bales, Jennifer','M'),
  (336,'Stotka, Louis','F'),
  (337,'Maynard, Sandra','M'),
  (338,'Tuell, Gracia','F'),
  (339,'Burnett, Timothy','F'),
  (340,'Haugh, James','M'),
  (341,'Moberly, Paula','F'),
  (342,'Meyer, Eric','F'),
  (343,'Orona, Gloria','M'),
  (344,'Warmack, Ruth','F'),
  (345,'Wall, Joanna','M'),
  (346,'Appelbaum, Sabria','F'),
  (347,'Kung, Jeffrey','M'),
  (348,'Wilson, Gloria','F'),
  (349,'Tuffield, Phyllis','F'),
  (350,'Ping, Patricia','M'),
  (351,'Shepard, David','F'),
  (352,'Bailey, James','F'),
  (353,'Chestnut, Susan','F'),
  (354,'Toone, Delia','F'),
  (355,'Armstrong, Thomas','F'),
  (356,'Billstrom, Mary','M'),
  (357,'Stotka, Robert','F'),
  (358,'Johnson, Danielle','F'),
  (359,'Lepro, Bonnie','M'),
  (360,'Elliott, Carol','F'),
  (361,'Steelman, Shanay','F'),
  (362,'Adams, Frances','F'),
  (363,'Poorbaugh, Alma','F'),
  (364,'Hasty, Neal','F'),
  (365,'Betsekas, Steven','M'),
  (366,'Ziegler, Arvid','F'),
  (367,'Weyerhaeuser, Ann','F'),
  (368,'Robinson, Dorothy','F'),
  (369,'Brunner, June','M'),
  (370,'Frazier, Judith','M'),
  (371,'Rector, Michelle','M'),
  (372,'Caldwell, Mari','F'),
  (373,'Gonzales, Linda','F'),
  (374,'Monitor, Alan','F'),
  (375,'Lewin, Elsie','M'),
  (376,'Desalvo, Bev','F'),
  (377,'Alpuerto, Oscar','M'),
  (378,'Marshall, Cecelia','M'),
  (379,'Bockenkamp, Gabriel','M'),
  (380,'Kesterson, Alice','F'),
  (381,'Alexander, J. Phillip','M'),
  (382,'Mendoza, R. Morgan','M'),
  (383,'Herrick, Pam','M'),
  (384,'McCoy, James','F'),
  (385,'Thoreson, Rossane','F'),
  (386,'Snowden, Victoria','M'),
  (387,'Blanton, Donald','F'),
  (388,'Gibbens, Cornett','M'),
  (389,'Alcorn, Paul','M'),
  (390,'Miller, Virginia','M'),
  (391,'Campen, Henry','F'),
  (392,'Coffman, Connie','M'),
  (393,'Bustamante, Jared','M'),
  (394,'Eldridge, Carla','F'),
  (395,'Sipsy, Barbara','F'),
  (396,'Weimer, Dorothy','M'),
  (397,'Irwin, Richard','M'),
  (398,'Son, Alma','M'),
  (399,'Brandon, Cornelius','F'),
  (400,'Quintana, Monica','M'),
  (401,'Colon, John','F'),
  (402,'Barlow, Brenda','M'),
  (403,'Adina, Ronald','M'),
  (404,'Bohling, Michael','F'),
  (405,'Wheeler, Sam','M'),
  (406,'Swearengin, Abraham','M'),
  (407,'Givens, David','F'),
  (408,'Beanston, Glenna','M'),
  (409,'Bruno, Dirk','M'),
  (410,'Berger, Alexander','M'),
  (411,'Sultan, Marcia','M'),
  (412,'Svoboda, Martin','F'),
  (413,'Tullao, Mary','F'),
  (414,'Hernandez, Irene','M'),
  (415,'Wilkie, Jay Saxema','F'),
  (416,'Lunt, Sean','F'),
  (417,'Fulton, Paul','F'),
  (418,'Dillon, Rudolph','F'),
  (419,'Miller, Matthew','F'),
  (420,'Stern, Vassar','F'),
  (421,'Suffin, Ruth','M'),
  (422,'Cleary, Kristine','F'),
  (423,'Homax, Jaunita','F'),
  (424,'Adams, Margaret','M'),
  (425,'Zubaty, Carla','M'),
  (426,'Khan, Tammy','M'),
  (427,'Brinkd, David','M'),
  (428,'Clark, James','M'),
  (429,'Dennis, Helen','M'),
  (430,'Brumfield, Eric','F'),
  (431,'Sanchez, Madalena','F'),
  (432,'Suess, Gary','F'),
  (433,'Trach, Glenn','F'),
  (434,'White, Cynthia','F'),
  (435,'Brian, Walter','M'),
  (436,'Trujillo, Christie','F'),
  (437,'Alameda, Lili','F'),
  (438,'Fox, Dorothy','M'),
  (439,'Gallagher, Aldeen','F'),
  (440,'Myer, Dorothy','F'),
  (441,'Byrnes, David','F'),
  (442,'Ryan, Justine','M'),
  (443,'Chand, Forrest','F'),
  (444,'Vanderkamp, Margaret','M'),
  (445,'Carroll, Rosmarie','F'),
  (446,'Contreras, Dorothy','M'),
  (447,'Cantoni, Joseph','M'),
  (448,'Reed, Celine','F'),
  (449,'Peterson, Glin','M'),
  (450,'Osborn, Stephen','F'),
  (451,'Graham., Lowell','F'),
  (452,'Shaddy, Jamie','F'),
  (453,'Haemon, Hattie','M'),
  (454,'Krow, Jame','F'),
  (455,'Belli, Shane','M'),
  (456,'Porter, Ethel','F'),
  (457,'Lesko, Gloria','F'),
  (458,'Worland, Michael','M'),
  (459,'Torre, Alvin','M'),
  (460,'Ramos, Susan','M'),
  (461,'Christie, Jill','F'),
  (462,'Zocchi, Juanita','M'),
  (463,'Altamirano, Sandra','M'),
  (464,'Benson, Edna','M'),
  (465,'Deborde, Alexander','M'),
  (466,'Calone, Barbara','F'),
  (467,'Pompa, Cheryl','F'),
  (468,'Traube, Doris','M'),
  (469,'Sloan, Cathy','F'),
  (470,'Villa, Homer','F'),
  (471,'Herman, Deena','F'),
  (472,'Roberts, Leota','F'),
  (473,'Mc Clane, John','F'),
  (474,'Maxham, Jennifer','M'),
  (475,'Sullivan, Elizabeth','F'),
  (476,'Watada, Irene','F'),
  (477,'Rhiger, Constance','F'),
  (478,'Finley, Rhoda','F'),
  (479,'Winter, Kathleen','F'),
  (480,'Adams, Carla','M'),
  (481,'Tench, Vanessa','M'),
  (482,'Brink, Carol','M'),
  (483,'Reynolds, Adam','F'),
  (484,'Posner, Constance','F'),
  (485,'Hapke, William','M'),
  (486,'Huff, Joshua','F'),
  (487,'Brown, Carolee','M'),
  (488,'Giglio, Frances','M'),
  (489,'Sherwood, Irma','F'),
  (490,'Becker, Benjamin','F'),
  (491,'Tedford, Chad','M'),
  (492,'Roy, Luke','M'),
  (493,'Holloway, Jean','F'),
  (494,'Trau, Olga','M'),
  (495,'Carnes, Steve','M'),
  (496,'Potts, Betty','M'),
  (497,'Kozlowski, Edward','M'),
  (498,'Looney, Sharon','M'),
  (499,'Magenheimer, Patrick','F'),
  (500,'Hofsetz, Sue','F');

COMMIT;

#
# Data for the `empleado` table  (LIMIT 500,500)
#

INSERT INTO `empleado` (`cod_empleado`, `nombre`, `sexo`) VALUES 
  (501,'Gilliat, Janet','F'),
  (502,'Wojcik, Charlene','F'),
  (503,'Wolf, Eunice','F');

COMMIT;

#
# Structure for the `presentacion` table : 
#

DROP TABLE IF EXISTS `presentacion`;

CREATE TABLE `presentacion` (
  `cod_presentacion` int(11) NOT NULL AUTO_INCREMENT,
  `presentacion` varchar(100) NOT NULL,
  PRIMARY KEY (`cod_presentacion`)
) ENGINE=InnoDB AUTO_INCREMENT=6 DEFAULT CHARSET=latin1;

#
# Data for the `presentacion` table  (LIMIT 0,500)
#

INSERT INTO `presentacion` (`cod_presentacion`, `presentacion`) VALUES 
  (1,'1 Liter'),
  (2,'2 Liter'),
  (3,'500 cm3 can'),
  (4,'670 cm3'),
  (5,'330 cm3 can');

COMMIT;

#
# Structure for the `productos` table : 
#

DROP TABLE IF EXISTS `productos`;

CREATE TABLE `productos` (
  `cod_producto` int(11) NOT NULL,
  `detalle` varchar(100) NOT NULL,
  PRIMARY KEY (`cod_producto`)
) ENGINE=InnoDB DEFAULT CHARSET=latin1;

#
# Data for the `productos` table  (LIMIT 0,500)
#

INSERT INTO `productos` (`cod_producto`, `detalle`) VALUES 
  (1,'Kool Cola                      '),
  (4,'Diet Cola                      '),
  (7,'Caffeine Free Cola             '),
  (10,'Old Fashioned Root Beer        '),
  (13,'Diet Root Beer                 '),
  (16,'Energy drink                   '),
  (19,'Birch Beer                     '),
  (22,'Dark Cream Soda                '),
  (25,'Vanilla Cream Soda             '),
  (29,'Diet Cream Soda                '),
  (32,'Grapefruit juice               '),
  (35,'Orange juice                   '),
  (38,'Diet energy drink              '),
  (41,'Trappiste Beer                 '),
  (42,'Orval Beer                     ');

COMMIT;

#
# Structure for the `regiones` table : 
#

DROP TABLE IF EXISTS `regiones`;

CREATE TABLE `regiones` (
  `zona` varchar(20) COLLATE latin1_spanish_ci NOT NULL,
  KEY `zona` (`zona`)
) ENGINE=InnoDB DEFAULT CHARSET=latin1 COLLATE=latin1_spanish_ci;

#
# Data for the `regiones` table  (LIMIT 0,500)
#

INSERT INTO `regiones` (`zona`) VALUES 
  ('Central   '),
  ('East   '),
  ('South   '),
  ('West   ');

COMMIT;

#
# Structure for the `sexo` table : 
#

DROP TABLE IF EXISTS `sexo`;

CREATE TABLE `sexo` (
  `sexo` varchar(10) COLLATE latin1_spanish_ci NOT NULL,
  PRIMARY KEY (`sexo`)
) ENGINE=InnoDB DEFAULT CHARSET=latin1 COLLATE=latin1_spanish_ci;

#
# Data for the `sexo` table  (LIMIT 0,500)
#

INSERT INTO `sexo` (`sexo`) VALUES 
  ('F'),
  ('M');

COMMIT;

#
# Structure for the `tiempo` table : 
#

DROP TABLE IF EXISTS `tiempo`;

CREATE TABLE `tiempo` (
  `cod_tiempo` date NOT NULL,
  `mes` varchar(100) COLLATE latin1_spanish_ci DEFAULT NULL,
  `trimestre` int(11) DEFAULT NULL,
  `año` int(11) DEFAULT NULL,
  PRIMARY KEY (`cod_tiempo`)
) ENGINE=InnoDB DEFAULT CHARSET=latin1 COLLATE=latin1_spanish_ci;

#
# Structure for the `tipobebida` table : 
#

DROP TABLE IF EXISTS `tipobebida`;

CREATE TABLE `tipobebida` (
  `cod_tipobebida` int(11) NOT NULL AUTO_INCREMENT,
  `desc_tipo` varchar(100) NOT NULL,
  PRIMARY KEY (`cod_tipobebida`)
) ENGINE=InnoDB AUTO_INCREMENT=6 DEFAULT CHARSET=latin1;

#
# Data for the `tipobebida` table  (LIMIT 0,500)
#

INSERT INTO `tipobebida` (`cod_tipobebida`, `desc_tipo`) VALUES 
  (1,'Cola'),
  (2,'Beer'),
  (3,'Energy Drink'),
  (4,'Soda'),
  (5,'Juice');

COMMIT;

#
# Structure for the `ventas` table : 
#

DROP TABLE IF EXISTS `ventas`;

CREATE TABLE `ventas` (
  `cod_cliente` int(11) NOT NULL,
  `cod_sexo` varchar(10) COLLATE latin1_spanish_ci NOT NULL,
  `cod_producto` int(11) NOT NULL,
  `cod_empleado` int(11) NOT NULL,
  `cod_edad_empleado` int(11) NOT NULL,
  `cod_edad_cliente` int(11) NOT NULL,
  `cod_zona` varchar(20) COLLATE latin1_spanish_ci NOT NULL,
  `cod_tiempo` date NOT NULL,
  `cod_antiguedad` int(11) NOT NULL,
  `cantidad` int(11) DEFAULT NULL,
  `litros` float(9,3) DEFAULT NULL,
  `monto` float(9,3) DEFAULT NULL,
  PRIMARY KEY (`cod_producto`,`cod_empleado`,`cod_edad_empleado`,`cod_edad_cliente`,`cod_zona`,`cod_tiempo`,`cod_antiguedad`,`cod_cliente`,`cod_sexo`),
  KEY `FK_tiempo_ventas` (`cod_tiempo`),
  KEY `FK_sexo_ventas` (`cod_sexo`),
  KEY `FK_productos_ventas` (`cod_producto`),
  KEY `FK_empleados_ventas` (`cod_empleado`),
  KEY `FK_edadcli_ventas` (`cod_edad_cliente`),
  KEY `FK_edademp_ventas` (`cod_edad_empleado`),
  KEY `FK_region_ventas` (`cod_zona`),
  KEY `FK_antiguedad_ventas` (`cod_antiguedad`),
  CONSTRAINT `FK_antiguedad_ventas` FOREIGN KEY (`cod_antiguedad`) REFERENCES `antiguedad` (`cod_antiguedad`),
  CONSTRAINT `FK_edadcli_ventas` FOREIGN KEY (`cod_edad_cliente`) REFERENCES `edadesclientes` (`cod_edad_cliente`),
  CONSTRAINT `FK_edademp_ventas` FOREIGN KEY (`cod_edad_empleado`) REFERENCES `edadempleado` (`cod_edad_empleado`),
  CONSTRAINT `FK_empleados_ventas` FOREIGN KEY (`cod_empleado`) REFERENCES `empleado` (`cod_empleado`),
  CONSTRAINT `FK_productos_ventas` FOREIGN KEY (`cod_producto`) REFERENCES `productos` (`cod_producto`),
  CONSTRAINT `FK_regiones_ventas` FOREIGN KEY (`cod_zona`) REFERENCES `regiones` (`zona`),
  CONSTRAINT `FK_sexo_ventas` FOREIGN KEY (`cod_sexo`) REFERENCES `sexo` (`sexo`),
  CONSTRAINT `FK_tiempo_ventas` FOREIGN KEY (`cod_tiempo`) REFERENCES `tiempo` (`cod_tiempo`)
) ENGINE=InnoDB DEFAULT CHARSET=latin1 COLLATE=latin1_spanish_ci;

